--
-- PostgreSQL database dump
--

-- Dumped from database version 14.6
-- Dumped by pg_dump version 14.6

-- Started on 2022-12-13 10:56:07 +04

SET statement_timeout = 0;
SET lock_timeout = 0;
SET idle_in_transaction_session_timeout = 0;
SET client_encoding = 'UTF8';
SET standard_conforming_strings = on;
SELECT pg_catalog.set_config('search_path', '', false);
SET check_function_bodies = false;
SET xmloption = content;
SET client_min_messages = warning;
SET row_security = off;

--
-- TOC entry 3632 (class 1262 OID 32781)
-- Name: Shop; Type: DATABASE; Schema: -; Owner: postgres
--

CREATE DATABASE "Shop" WITH TEMPLATE = template0 ENCODING = 'UTF8' LOCALE = 'C';


ALTER DATABASE "Shop" OWNER TO postgres;

\connect "Shop"

SET statement_timeout = 0;
SET lock_timeout = 0;
SET idle_in_transaction_session_timeout = 0;
SET client_encoding = 'UTF8';
SET standard_conforming_strings = on;
SELECT pg_catalog.set_config('search_path', '', false);
SET check_function_bodies = false;
SET xmloption = content;
SET client_min_messages = warning;
SET row_security = off;

SET default_tablespace = '';

SET default_table_access_method = heap;

--
-- TOC entry 214 (class 1259 OID 65550)
-- Name: category; Type: TABLE; Schema: public; Owner: postgres
--

CREATE TABLE public.category (
    id integer NOT NULL,
    name character varying(255)
);


ALTER TABLE public.category OWNER TO postgres;

--
-- TOC entry 213 (class 1259 OID 65549)
-- Name: category_id_seq; Type: SEQUENCE; Schema: public; Owner: postgres
--

ALTER TABLE public.category ALTER COLUMN id ADD GENERATED BY DEFAULT AS IDENTITY (
    SEQUENCE NAME public.category_id_seq
    START WITH 1
    INCREMENT BY 1
    NO MINVALUE
    NO MAXVALUE
    CACHE 1
);


--
-- TOC entry 212 (class 1259 OID 49166)
-- Name: image; Type: TABLE; Schema: public; Owner: postgres
--

CREATE TABLE public.image (
    id integer NOT NULL,
    file_name character varying(255),
    product_id integer NOT NULL
);


ALTER TABLE public.image OWNER TO postgres;

--
-- TOC entry 211 (class 1259 OID 49165)
-- Name: image_id_seq; Type: SEQUENCE; Schema: public; Owner: postgres
--

ALTER TABLE public.image ALTER COLUMN id ADD GENERATED BY DEFAULT AS IDENTITY (
    SEQUENCE NAME public.image_id_seq
    START WITH 1
    INCREMENT BY 1
    NO MINVALUE
    NO MAXVALUE
    CACHE 1
);


--
-- TOC entry 220 (class 1259 OID 106629)
-- Name: orders; Type: TABLE; Schema: public; Owner: postgres
--

CREATE TABLE public.orders (
    id integer NOT NULL,
    count integer NOT NULL,
    date_time timestamp without time zone,
    number character varying(255),
    price real NOT NULL,
    status character varying(255),
    person_id integer NOT NULL,
    product_id integer NOT NULL
);


ALTER TABLE public.orders OWNER TO postgres;

--
-- TOC entry 219 (class 1259 OID 106628)
-- Name: orders_id_seq; Type: SEQUENCE; Schema: public; Owner: postgres
--

ALTER TABLE public.orders ALTER COLUMN id ADD GENERATED BY DEFAULT AS IDENTITY (
    SEQUENCE NAME public.orders_id_seq
    START WITH 1
    INCREMENT BY 1
    NO MINVALUE
    NO MAXVALUE
    CACHE 1
);


--
-- TOC entry 210 (class 1259 OID 32783)
-- Name: person; Type: TABLE; Schema: public; Owner: postgres
--

CREATE TABLE public.person (
    id integer NOT NULL,
    login character varying(100),
    password character varying(100),
    role character varying(255)
);


ALTER TABLE public.person OWNER TO postgres;

--
-- TOC entry 209 (class 1259 OID 32782)
-- Name: person_id_seq; Type: SEQUENCE; Schema: public; Owner: postgres
--

ALTER TABLE public.person ALTER COLUMN id ADD GENERATED BY DEFAULT AS IDENTITY (
    SEQUENCE NAME public.person_id_seq
    START WITH 1
    INCREMENT BY 1
    NO MINVALUE
    NO MAXVALUE
    CACHE 1
);


--
-- TOC entry 216 (class 1259 OID 65640)
-- Name: product; Type: TABLE; Schema: public; Owner: postgres
--

CREATE TABLE public.product (
    id integer NOT NULL,
    date_time timestamp without time zone,
    description text NOT NULL,
    price real NOT NULL,
    seller text NOT NULL,
    title text NOT NULL,
    warehouse character varying(255) NOT NULL,
    category_id integer NOT NULL,
    CONSTRAINT product_price_check CHECK ((price >= (1)::double precision))
);


ALTER TABLE public.product OWNER TO postgres;

--
-- TOC entry 218 (class 1259 OID 65692)
-- Name: product_cart; Type: TABLE; Schema: public; Owner: postgres
--

CREATE TABLE public.product_cart (
    id integer NOT NULL,
    person_id integer,
    product_id integer
);


ALTER TABLE public.product_cart OWNER TO postgres;

--
-- TOC entry 217 (class 1259 OID 65691)
-- Name: product_cart_id_seq; Type: SEQUENCE; Schema: public; Owner: postgres
--

ALTER TABLE public.product_cart ALTER COLUMN id ADD GENERATED BY DEFAULT AS IDENTITY (
    SEQUENCE NAME public.product_cart_id_seq
    START WITH 1
    INCREMENT BY 1
    NO MINVALUE
    NO MAXVALUE
    CACHE 1
);


--
-- TOC entry 215 (class 1259 OID 65639)
-- Name: product_id_seq; Type: SEQUENCE; Schema: public; Owner: postgres
--

ALTER TABLE public.product ALTER COLUMN id ADD GENERATED BY DEFAULT AS IDENTITY (
    SEQUENCE NAME public.product_id_seq
    START WITH 1
    INCREMENT BY 1
    NO MINVALUE
    NO MAXVALUE
    CACHE 1
);


--
-- TOC entry 3620 (class 0 OID 65550)
-- Dependencies: 214
-- Data for Name: category; Type: TABLE DATA; Schema: public; Owner: postgres
--

INSERT INTO public.category (id, name) VALUES (3, 'Принадлежности');
INSERT INTO public.category (id, name) VALUES (1, 'Одежда');
INSERT INTO public.category (id, name) VALUES (2, 'Документы');


--
-- TOC entry 3618 (class 0 OID 49166)
-- Dependencies: 212
-- Data for Name: image; Type: TABLE DATA; Schema: public; Owner: postgres
--

INSERT INTO public.image (id, file_name, product_id) VALUES (4, 'fb2df880-cb90-4245-8de7-8c6c351e6074.manthle of griffindor.jpeg', 21);
INSERT INTO public.image (id, file_name, product_id) VALUES (5, 'd13309d8-148f-4cda-afa5-bed0ef5d0c03.mantle of slytherin.jpeg', 21);
INSERT INTO public.image (id, file_name, product_id) VALUES (6, 'c97b93ec-cb15-4ec9-bb35-cef6a9364067.mantle of hufflepuff.jpeg', 21);
INSERT INTO public.image (id, file_name, product_id) VALUES (7, '29d97435-33bb-4606-b9b8-08bbbbf9d372.ties of facultes.jpeg', 22);
INSERT INTO public.image (id, file_name, product_id) VALUES (8, 'c5cb06db-10ec-4c0e-bc89-eb382431204a.ties of facultes1.jpeg', 22);
INSERT INTO public.image (id, file_name, product_id) VALUES (9, '86df960d-976d-4d0d-b95c-8f58c90a658f.ties of facultes2.jpeg', 22);
INSERT INTO public.image (id, file_name, product_id) VALUES (10, '9815cbf7-5b4c-4542-8314-8beeb78e1a5f.scarves of faculties.jpeg', 23);
INSERT INTO public.image (id, file_name, product_id) VALUES (11, 'f414b439-8396-4911-b897-be285c0c201b.scarves of slytherin.jpeg', 23);
INSERT INTO public.image (id, file_name, product_id) VALUES (12, 'decd8c23-e88e-42bb-bb4b-b46a1e27b9df.scarves.jpeg', 23);
INSERT INTO public.image (id, file_name, product_id) VALUES (13, '6a6b4de5-ae30-4164-81ef-90602c3bc0a5.map_of_looters_2.jpeg', 24);
INSERT INTO public.image (id, file_name, product_id) VALUES (14, '1c8a0743-4cb9-45f8-b556-823261eba138.map_of_looters_3.webp', 24);
INSERT INTO public.image (id, file_name, product_id) VALUES (15, 'd5da91ae-e780-408c-90b2-2377a0392566.map_of_looters.jpeg', 24);
INSERT INTO public.image (id, file_name, product_id) VALUES (16, 'a07fa175-1060-41bb-b1c3-4c41991586e3.ticket1.jpeg', 25);
INSERT INTO public.image (id, file_name, product_id) VALUES (17, 'f9a8c563-e877-4376-bee9-9ccfbd3c4361.ticket.jpeg', 25);
INSERT INTO public.image (id, file_name, product_id) VALUES (18, '4d4df6ef-bef6-4889-a76a-66f6ffde6cda.ticket2.jpeg', 25);
INSERT INTO public.image (id, file_name, product_id) VALUES (19, '8f2ac59b-2bd5-4bb5-9c76-60c94bd50fc3.letter.jpeg', 26);
INSERT INTO public.image (id, file_name, product_id) VALUES (20, 'de4686b9-20b8-4e1f-bad3-352792cdd8b9.letter2.png', 26);
INSERT INTO public.image (id, file_name, product_id) VALUES (21, 'e194317a-f4a0-4574-a8dd-483e85cdcb9a.letter1.jpeg', 26);
INSERT INTO public.image (id, file_name, product_id) VALUES (22, 'ca90edbc-7c66-4bb4-be29-318f78244f59.magic_wand.jpeg', 27);
INSERT INTO public.image (id, file_name, product_id) VALUES (23, '43b44e33-a5d6-48f5-b472-cfe90119391a.magic_wand_1.jpeg', 27);
INSERT INTO public.image (id, file_name, product_id) VALUES (24, 'e43e300c-5afe-4d10-b07e-f8748a2e1cbc.magic_wand_2.jpeg', 27);
INSERT INTO public.image (id, file_name, product_id) VALUES (25, 'bed30407-0c17-4cd0-8d42-1d08336475f7.flywheel_of_time.jpeg', 28);
INSERT INTO public.image (id, file_name, product_id) VALUES (26, '74bf1fce-c5e2-44eb-a113-21f542984904.flywheel_of_time1.jpeg', 28);
INSERT INTO public.image (id, file_name, product_id) VALUES (27, 'c712a4a2-8888-4376-ab4d-b7456a3edef9.flywheel_of_time2.jpeg', 28);
INSERT INTO public.image (id, file_name, product_id) VALUES (28, 'a433b496-b4b7-4484-a2fe-d744a0be0b3d.felix_felicis.jpeg', 29);
INSERT INTO public.image (id, file_name, product_id) VALUES (29, '30bc0df6-f122-4cb8-865b-bad5f8bfb99b.felix_felicis1.jpeg', 29);
INSERT INTO public.image (id, file_name, product_id) VALUES (30, '03d6ab76-eb2f-4a4c-aa1d-c8359dff40f5.felix_felicis2.jpeg', 29);


--
-- TOC entry 3626 (class 0 OID 106629)
-- Dependencies: 220
-- Data for Name: orders; Type: TABLE DATA; Schema: public; Owner: postgres
--

INSERT INTO public.orders (id, count, date_time, number, price, status, person_id, product_id) VALUES (2, 1, '2022-12-11 19:56:53.325003', 'f7f46f54-792e-4aae-bd68-8691eb39382a', 2100, 'Получен', 3, 23);
INSERT INTO public.orders (id, count, date_time, number, price, status, person_id, product_id) VALUES (1, 1, NULL, 'f7f46f54-792e-4aae-bd68-8691eb39382a', 1190, 'Создано', 3, 24);
INSERT INTO public.orders (id, count, date_time, number, price, status, person_id, product_id) VALUES (11, 1, '2022-12-13 10:37:21.534593', 'e6d9e517-e4fb-44d3-a36b-5e2e2bcd33a9', 2100, 'Получен', 13, 23);
INSERT INTO public.orders (id, count, date_time, number, price, status, person_id, product_id) VALUES (10, 1, NULL, 'e6d9e517-e4fb-44d3-a36b-5e2e2bcd33a9', 350, 'Передано_в_доставку', 13, 26);


--
-- TOC entry 3616 (class 0 OID 32783)
-- Dependencies: 210
-- Data for Name: person; Type: TABLE DATA; Schema: public; Owner: postgres
--

INSERT INTO public.person (id, login, password, role) VALUES (1, 'admin', '$2a$10$BHbOp5532daWX1.OdnoHOOwNK.GezG7jJctDygZweOM7SGB7ZYjK2', 'ROLE_ADMIN');
INSERT INTO public.person (id, login, password, role) VALUES (3, 'user1', '$2a$10$V6h32Q1ynq2yoP14k76Zrel/1I4Z81q6CUmRNe4Z4PPF763lcftL2', 'ROLE_USER');
INSERT INTO public.person (id, login, password, role) VALUES (13, 'user_test', '$2a$10$V69.JmBesvFGOSBp7XruAuMs0UKiH1gsWLNprLuxRoDtBi8lNAFCa', 'ROLE_USER');


--
-- TOC entry 3622 (class 0 OID 65640)
-- Dependencies: 216
-- Data for Name: product; Type: TABLE DATA; Schema: public; Owner: postgres
--

INSERT INTO public.product (id, date_time, description, price, seller, title, warehouse, category_id) VALUES (21, NULL, 'Обязательным предметом одежды ученика является мантия своего факультета. Не попадайся Снеггу без формы, если не хочешь потерять очки факультета', 2990, 'Магазин Мадам Малкин «Мантии на все случаи жизни»', 'Мантия ученика', 'Магазин Мадам Малкин «Мантии на все случаи жизни»', 1);
INSERT INTO public.product (id, date_time, description, price, seller, title, warehouse, category_id) VALUES (22, NULL, 'Не только стильный и красивый аксессуар, но также и обязательный атрибут формы ученика. Помни про Снегга, если не хочешь попасть в переделку.', 1390, 'Магазин Мадам Малкин «Мантии на все случаи жизни»', 'Галстук ученика', 'Магазин Мадам Малкин «Мантии на все случаи жизни»', 1);
INSERT INTO public.product (id, date_time, description, price, seller, title, warehouse, category_id) VALUES (23, NULL, 'Теплый зимний шарф с дизайном твоего факультета. Очень пригодится на матчах по квиддичу (особенно когда не знаешь нового ловца и сколько продлится матч) - и команду поддержать и от простуды защититься(болеют не только маглы)', 2100, 'Магазин Мадам Малкин «Мантии на все случаи жизни»', 'Шарф старших курсов', 'Магазин Мадам Малкин «Мантии на все случаи жизни»', 1);
INSERT INTO public.product (id, date_time, description, price, seller, title, warehouse, category_id) VALUES (24, NULL, 'Господа Хвост, Бродяга, Лунатик и Сохатый представляют вам Карту Мародеров. Полная карта мародеров размером 130 х 30 см. Самый желанный атрибут любого ученика/ Как активировать ее ты знаешь - «Торжественно клянусь, что замышляю шалость и только шалость». Деактивируй карту фразой «Шалость удалась» и она останется твоим маленьким секретом', 1190, 'Магазин близнецов Уизли «Всевозможные волшебные вредилки»', 'Карта мародеров', 'Магазин близнецов Уизли «Всевозможные волшебные вредилки»', 2);
INSERT INTO public.product (id, date_time, description, price, seller, title, warehouse, category_id) VALUES (25, NULL, 'Первокурсникам билеты направляет школа вместе с письмом-приглашением, но если ты ученик старших курсов, то позаботиться о билете тебе нужно самому. И не опаздывай на поезд! Ты же помнишь, что на платформу нужно успеть пройти до закрытия портала? А Министерство Магии пристально следит за летающими в сторону Фордами после проделок мистера Поттера и мистера Уизли', 799, 'Hogwarts School of Witchcraft and Wizardry', 'Билет на поезд «Hogwarts-express»', 'Hogwarts School of Witchcraft and Wizardry', 2);
INSERT INTO public.product (id, date_time, description, price, seller, title, warehouse, category_id) VALUES (26, NULL, 'Да-да, письма школа направляет сама с совами. Но совы в этом году не очень трудоспособны. Родителям юных волшебников рекомендуем позаботиться заранее об их учебе. Чтобы будущим волшебником не пришлось учиться с маглами. В письме также содержится список необходимых предметов и подписи профессоров.', 350, 'Hogwarts School of Witchcraft and Wizardry', 'Письмо из Hogwarts', 'Hogwarts School of Witchcraft and Wizardry', 2);
INSERT INTO public.product (id, date_time, description, price, seller, title, warehouse, category_id) VALUES (27, NULL, 'Семейство Олливандеров - производители волшебных палочек с 382-го года до наших дней. Мистер Олливандер помнит каждую палочку, которую когда-либо продавал, и с удовольствием поможет тебе подобрать палочку, которая тебя выберет', 2490, 'У Олливандера', 'Волшебная палочка', 'У Олливандера', 3);
INSERT INTO public.product (id, date_time, description, price, seller, title, warehouse, category_id) VALUES (28, NULL, 'Профессор Макгонагалл подарила маховик времени Гермионе Грейнджер, чтобы она могла посещать несколько уроков одновременно. Министерство Магии посчитало возможным, чтобы несколько маховиков попали к ученикам также желающим освоить несколько предметов. Может в том числе и этот факт помог мисс Грейнджер стать новым Министром магии…', 1890, 'Министерство Магии', 'Маховик времени', 'Министерство Магии', 3);
INSERT INTO public.product (id, date_time, description, price, seller, title, warehouse, category_id) VALUES (29, NULL, 'Зелье «Феликс Фелицис» или «Зелье Удачи», «Жидкая удача» из запасов профессора Слизнорта.
В качестве зелья можно не сомневаться, когда оно изготовлено лично профессором зельеварения и деканом факультета «Слизерин» Горацием Слизнортом. Зелье упаковано в виде кулона - чем не прекрасная маскировка))', 650, 'Профессор Гораций Слизнорт', 'Жидкая удача (Felix Felicis)', 'Профессор Гораций Слизнорт', 3);


--
-- TOC entry 3624 (class 0 OID 65692)
-- Dependencies: 218
-- Data for Name: product_cart; Type: TABLE DATA; Schema: public; Owner: postgres
--

INSERT INTO public.product_cart (id, person_id, product_id) VALUES (28, 3, 22);


--
-- TOC entry 3633 (class 0 OID 0)
-- Dependencies: 213
-- Name: category_id_seq; Type: SEQUENCE SET; Schema: public; Owner: postgres
--

SELECT pg_catalog.setval('public.category_id_seq', 3, true);


--
-- TOC entry 3634 (class 0 OID 0)
-- Dependencies: 211
-- Name: image_id_seq; Type: SEQUENCE SET; Schema: public; Owner: postgres
--

SELECT pg_catalog.setval('public.image_id_seq', 39, true);


--
-- TOC entry 3635 (class 0 OID 0)
-- Dependencies: 219
-- Name: orders_id_seq; Type: SEQUENCE SET; Schema: public; Owner: postgres
--

SELECT pg_catalog.setval('public.orders_id_seq', 11, true);


--
-- TOC entry 3636 (class 0 OID 0)
-- Dependencies: 209
-- Name: person_id_seq; Type: SEQUENCE SET; Schema: public; Owner: postgres
--

SELECT pg_catalog.setval('public.person_id_seq', 13, true);


--
-- TOC entry 3637 (class 0 OID 0)
-- Dependencies: 217
-- Name: product_cart_id_seq; Type: SEQUENCE SET; Schema: public; Owner: postgres
--

SELECT pg_catalog.setval('public.product_cart_id_seq', 36, true);


--
-- TOC entry 3638 (class 0 OID 0)
-- Dependencies: 215
-- Name: product_id_seq; Type: SEQUENCE SET; Schema: public; Owner: postgres
--

SELECT pg_catalog.setval('public.product_id_seq', 32, true);


--
-- TOC entry 3461 (class 2606 OID 65554)
-- Name: category category_pkey; Type: CONSTRAINT; Schema: public; Owner: postgres
--

ALTER TABLE ONLY public.category
    ADD CONSTRAINT category_pkey PRIMARY KEY (id);


--
-- TOC entry 3459 (class 2606 OID 49170)
-- Name: image image_pkey; Type: CONSTRAINT; Schema: public; Owner: postgres
--

ALTER TABLE ONLY public.image
    ADD CONSTRAINT image_pkey PRIMARY KEY (id);


--
-- TOC entry 3469 (class 2606 OID 106635)
-- Name: orders orders_pkey; Type: CONSTRAINT; Schema: public; Owner: postgres
--

ALTER TABLE ONLY public.orders
    ADD CONSTRAINT orders_pkey PRIMARY KEY (id);


--
-- TOC entry 3457 (class 2606 OID 32787)
-- Name: person person_pkey; Type: CONSTRAINT; Schema: public; Owner: postgres
--

ALTER TABLE ONLY public.person
    ADD CONSTRAINT person_pkey PRIMARY KEY (id);


--
-- TOC entry 3467 (class 2606 OID 65696)
-- Name: product_cart product_cart_pkey; Type: CONSTRAINT; Schema: public; Owner: postgres
--

ALTER TABLE ONLY public.product_cart
    ADD CONSTRAINT product_cart_pkey PRIMARY KEY (id);


--
-- TOC entry 3463 (class 2606 OID 65647)
-- Name: product product_pkey; Type: CONSTRAINT; Schema: public; Owner: postgres
--

ALTER TABLE ONLY public.product
    ADD CONSTRAINT product_pkey PRIMARY KEY (id);


--
-- TOC entry 3465 (class 2606 OID 65649)
-- Name: product uk_qka6vxqdy1dprtqnx9trdd47c; Type: CONSTRAINT; Schema: public; Owner: postgres
--

ALTER TABLE ONLY public.product
    ADD CONSTRAINT uk_qka6vxqdy1dprtqnx9trdd47c UNIQUE (title);


--
-- TOC entry 3474 (class 2606 OID 106636)
-- Name: orders fk1b0m4muwx1t377w9if3w6wwqn; Type: FK CONSTRAINT; Schema: public; Owner: postgres
--

ALTER TABLE ONLY public.orders
    ADD CONSTRAINT fk1b0m4muwx1t377w9if3w6wwqn FOREIGN KEY (person_id) REFERENCES public.person(id);


--
-- TOC entry 3471 (class 2606 OID 65655)
-- Name: product fk1mtsbur82frn64de7balymq9s; Type: FK CONSTRAINT; Schema: public; Owner: postgres
--

ALTER TABLE ONLY public.product
    ADD CONSTRAINT fk1mtsbur82frn64de7balymq9s FOREIGN KEY (category_id) REFERENCES public.category(id);


--
-- TOC entry 3475 (class 2606 OID 106641)
-- Name: orders fk787ibr3guwp6xobrpbofnv7le; Type: FK CONSTRAINT; Schema: public; Owner: postgres
--

ALTER TABLE ONLY public.orders
    ADD CONSTRAINT fk787ibr3guwp6xobrpbofnv7le FOREIGN KEY (product_id) REFERENCES public.product(id);


--
-- TOC entry 3470 (class 2606 OID 65663)
-- Name: image fkgpextbyee3uk9u6o2381m7ft1; Type: FK CONSTRAINT; Schema: public; Owner: postgres
--

ALTER TABLE ONLY public.image
    ADD CONSTRAINT fkgpextbyee3uk9u6o2381m7ft1 FOREIGN KEY (product_id) REFERENCES public.product(id);


--
-- TOC entry 3473 (class 2606 OID 65702)
-- Name: product_cart fkhpnrxdy3jhujameyod08ilvvw; Type: FK CONSTRAINT; Schema: public; Owner: postgres
--

ALTER TABLE ONLY public.product_cart
    ADD CONSTRAINT fkhpnrxdy3jhujameyod08ilvvw FOREIGN KEY (product_id) REFERENCES public.product(id);


--
-- TOC entry 3472 (class 2606 OID 65697)
-- Name: product_cart fksgnkc1ko2i1o9yr2p63ysq3rn; Type: FK CONSTRAINT; Schema: public; Owner: postgres
--

ALTER TABLE ONLY public.product_cart
    ADD CONSTRAINT fksgnkc1ko2i1o9yr2p63ysq3rn FOREIGN KEY (person_id) REFERENCES public.person(id);


-- Completed on 2022-12-13 10:56:07 +04

--
-- PostgreSQL database dump complete
--

